obj,disp,solve_time
0.630858167826821,0.6308581678268214,0.320172115166982
